,Product_Url,Product_Name,Rat,Price,Rating,Specification,Offer
0,https://www.flipkart.com//samsung-galaxy-f23-5g-forest-green-128-gb/p/itm4001e68fda319?pid=MOBGBKQF3QM4GHWN&lid=LSTMOBGBKQF3QM4GHWNJ56YXY&marketplace=FLIPKART&store=tyy%2F4io&srno=b_1_1&otracker=browse&fm=organic&iid=a9a8c05c-bc80-4de8-bdb4-a7941ce1c456.MOBGBKQF3QM4GHWN.SEARCH&ppt=None&ppn=None&ssid=0b2s98n5g00000001673525560136,"SAMSUNG Galaxy F23 5G (Forest Green, 128 GB)",4.3,"₹14,999","1,38,119 Ratings & 11,221 Reviews",6 GB RAM | 128 GB ROM | Expandable Upto 1 TB16.76 cm (6.6 inch) Full HD+ Display50MP + 8MP + 2MP | 8MP Front Camera5000 mAh Lithium Ion BatteryQualcomm Snapdragon 750G Processor1 Year Warranty Provided by the Manufacturer from Date of Purchase,37% off
1,https://www.flipkart.com//poco-m4-pro-5g-cool-blue-64-gb/p/itm827b338897bfe?pid=MOBGBEU7YYZGFMYB&lid=LSTMOBGBEU7YYZGFMYBKLZWIN&marketplace=FLIPKART&store=tyy%2F4io&srno=b_1_2&otracker=browse&fm=organic&iid=a9a8c05c-bc80-4de8-bdb4-a7941ce1c456.MOBGBEU7YYZGFMYB.SEARCH&ppt=None&ppn=None&ssid=0b2s98n5g00000001673525560136,"POCO M4 Pro 5G (Cool Blue, 64 GB)",4.3,"₹11,999","33,641 Ratings & 3,005 Reviews","4 GB RAM | 64 GB ROM | Expandable Upto 1 TB16.76 cm (6.6 inch) Full HD+ Display50MP + 8MP | 16MP Front Camera5000 mAh Lithium-ion Polymer BatteryMediatek Dimensity 810 ProcessorOne Year for Handset, 6 Months for Accessories",29% off
2,https://www.flipkart.com//infinix-hot-20-play-luna-blue-64-gb/p/itm1e6903eb0203e?pid=MOBGK23WTVZZ3DDD&lid=LSTMOBGK23WTVZZ3DDDLYVBCR&marketplace=FLIPKART&store=tyy%2F4io&srno=b_1_3&otracker=browse&fm=organic&iid=a9a8c05c-bc80-4de8-bdb4-a7941ce1c456.MOBGK23WTVZZ3DDD.SEARCH&ppt=None&ppn=None&ssid=0b2s98n5g00000001673525560136,"Infinix HOT 20 Play (Luna Blue, 64 GB)",4.4,"₹8,199",637 Ratings & 59 Reviews,4 GB RAM | 64 GB ROM | Expandable Upto 256 GB17.32 cm (6.82 inch) HD+ Display13Mp + AI Lens | 8MP Front Camera6000 mAh Li-ion Polymer BatteryMediaTek G37 Processor1 Year on Handset and 6 Months on Accessories,31% off
3,https://www.flipkart.com//poco-c31-shadow-gray-64-gb/p/itm162375acb8370?pid=MOBG73E7UBFXXMCH&lid=LSTMOBG73E7UBFXXMCHSM0ZN5&marketplace=FLIPKART&store=tyy%2F4io&srno=b_1_4&otracker=browse&fm=organic&iid=a9a8c05c-bc80-4de8-bdb4-a7941ce1c456.MOBG73E7UBFXXMCH.SEARCH&ppt=None&ppn=None&ssid=0b2s98n5g00000001673525560136,"POCO C31 (Shadow Gray, 64 GB)",4.3,"₹7,499","1,83,688 Ratings & 11,185 Reviews","4 GB RAM | 64 GB ROM | Expandable Upto 512 GB16.59 cm (6.53 inch) HD+ Display13MP + 2MP + 2MP | 5MP Front Camera5000 mAh Lithium-ion Polymer BatteryMediaTek Helio G35 Processor1 Year Warranty for Handset, 6 Months for Accessories",37% off
4,https://www.flipkart.com//redmi-note-12-pro-5g-iceberg-blue-256-gb/p/itmdeba28a40f374?pid=MOBGH2UVAVEDXJPK&lid=LSTMOBGH2UVAVEDXJPK51IYG7&marketplace=FLIPKART&store=tyy%2F4io&srno=b_1_5&otracker=browse&fm=organic&iid=a9a8c05c-bc80-4de8-bdb4-a7941ce1c456.MOBGH2UVAVEDXJPK.SEARCH&ppt=None&ppn=None&ssid=0b2s98n5g00000001673525560136,"REDMI Note 12 Pro+ 5G (Iceberg Blue, 256 GB)",No rating find,"₹32,999",No find,12 GB RAM | 256 GB ROM16.94 cm (6.67 inch) Full HD+ Display200MP + 8MP + 2MP | 16MP Front Camera4980 mAh Lithium Polymer BatteryMediatek Dimensity 1080 Processor1 Year Manufacturer Warranty for Phone and 6 Months Warranty for In the Box Accessories,10% off
5,https://www.flipkart.com//redmi-note-12-pro-5g-obsidian-black-256-gb/p/itm045272629c8bf?pid=MOBGH2UVTFKREUVZ&lid=LSTMOBGH2UVTFKREUVZIZUGGH&marketplace=FLIPKART&store=tyy%2F4io&srno=b_1_6&otracker=browse&fm=organic&iid=a9a8c05c-bc80-4de8-bdb4-a7941ce1c456.MOBGH2UVTFKREUVZ.SEARCH&ppt=None&ppn=None&ssid=0b2s98n5g00000001673525560136,"REDMI Note 12 Pro+ 5G (Obsidian Black, 256 GB)",No rating find,"₹32,999",No find,12 GB RAM | 256 GB ROM16.94 cm (6.67 inch) Full HD+ Display200MP + 8MP + 2MP | 16MP Front Camera4980 mAh Lithium Polymer BatteryMediatek Dimensity 1080 Processor1 Year Manufacturer Warranty for Phone and 6 Months Warranty for In the Box Accessories,10% off
6,https://www.flipkart.com//poco-m4-pro-5g-cool-blue-128-gb/p/itm509e4403d0303?pid=MOBGBEU7GKRSHG5M&lid=LSTMOBGBEU7GKRSHG5MWVOWEV&marketplace=FLIPKART&store=tyy%2F4io&srno=b_1_7&otracker=browse&fm=organic&iid=a9a8c05c-bc80-4de8-bdb4-a7941ce1c456.MOBGBEU7GKRSHG5M.SEARCH&ppt=None&ppn=None&ssid=0b2s98n5g00000001673525560136,"POCO M4 Pro 5G (Cool Blue, 128 GB)",4.2,"₹13,999","41,520 Ratings & 3,726 Reviews","6 GB RAM | 128 GB ROM | Expandable Upto 1 TB16.76 cm (6.6 inch) Full HD+ Display50MP + 8MP | 16MP Front Camera5000 mAh Lithium-ion Polymer BatteryMediatek Dimensity 810 ProcessorOne Year for Handset, 6 Months for Accessories",30% off
7,https://www.flipkart.com//samsung-galaxy-f23-5g-aqua-blue-128-gb/p/itm89d3030e3857e?pid=MOBGBKQFHKZHTHKJ&lid=LSTMOBGBKQFHKZHTHKJIHLFJF&marketplace=FLIPKART&store=tyy%2F4io&srno=b_1_8&otracker=browse&fm=organic&iid=a9a8c05c-bc80-4de8-bdb4-a7941ce1c456.MOBGBKQFHKZHTHKJ.SEARCH&ppt=None&ppn=None&ssid=0b2s98n5g00000001673525560136,"SAMSUNG Galaxy F23 5G (Aqua Blue, 128 GB)",4.2,"₹13,999","32,083 Ratings & 2,613 Reviews",4 GB RAM | 128 GB ROM | Expandable Upto 1 TB16.76 cm (6.6 inch) Full HD+ Display50MP + 8MP + 2MP | 8MP Front Camera5000 mAh Lithium Ion BatteryQualcomm Snapdragon 750G Processor1 Year Warranty Provided by the Manufacturer from Date of Purchase,39% off
8,https://www.flipkart.com//motorola-g32-mineral-gray-64-gb/p/itmdcfa4c4022714?pid=MOBGEA3CZ8Z7HWCY&lid=LSTMOBGEA3CZ8Z7HWCYPHBSGA&marketplace=FLIPKART&store=tyy%2F4io&srno=b_1_9&otracker=browse&fm=organic&iid=a9a8c05c-bc80-4de8-bdb4-a7941ce1c456.MOBGEA3CZ8Z7HWCY.SEARCH&ppt=None&ppn=None&ssid=0b2s98n5g00000001673525560136,"MOTOROLA G32 (Mineral Gray, 64 GB)",4.2,"₹9,999","16,997 Ratings & 1,707 Reviews",4 GB RAM | 64 GB ROM16.64 cm (6.55 inch) Full HD+ Display50MP + 8MP + 2MP | 16MP Front Camera5000 mAh Lithium Polymer BatteryQualcomm Snapdragon 680 Processor1 Year on Handset and 6 Months on Accessories,41% off
9,https://www.flipkart.com//motorola-e40-carbon-gray-64-gb/p/itm0ca635007c9e2?pid=MOBG2EMWUMUFGSZE&lid=LSTMOBG2EMWUMUFGSZEJNGZMU&marketplace=FLIPKART&store=tyy%2F4io&srno=b_1_10&otracker=browse&fm=organic&iid=a9a8c05c-bc80-4de8-bdb4-a7941ce1c456.MOBG2EMWUMUFGSZE.SEARCH&ppt=None&ppn=None&ssid=0b2s98n5g00000001673525560136,"MOTOROLA e40 (Carbon Gray, 64 GB)",4.1,"₹7,999","56,085 Ratings & 5,600 Reviews",4 GB RAM | 64 GB ROM | Expandable Upto 1 TB16.51 cm (6.5 inch) HD+ Display48MP + 2MP + 2MP | 8MP Front Camera5000 mAh BatteryUNISOC T700 Processor1 Year on Handset and 6 Months on Accessories,27% off
10,https://www.flipkart.com//redmi-9i-sport-coral-green-64-gb/p/itmb5e8d8186b602?pid=MOBG6WQWJRFZ5WDG&lid=LSTMOBG6WQWJRFZ5WDGWJR993&marketplace=FLIPKART&store=tyy%2F4io&spotlightTagId=BestsellerId_tyy%2F4io&srno=b_1_11&otracker=browse&fm=organic&iid=a9a8c05c-bc80-4de8-bdb4-a7941ce1c456.MOBG6WQWJRFZ5WDG.SEARCH&ppt=None&ppn=None&ssid=0b2s98n5g00000001673525560136,"REDMI 9i Sport (Coral Green, 64 GB)",4.3,"₹7,199","2,09,377 Ratings & 12,027 Reviews",4 GB RAM | 64 GB ROM | Expandable Upto 512 GB16.59 cm (6.53 inch) HD+ Display13MP Rear Camera | 5MP Front Camera5000 mAh Li-Polymer BatteryMediaTek Helio G25 ProcessorBrand Warranty of 1 Year Available for Mobile and 6 Months for Accessories,28% off
11,https://www.flipkart.com//samsung-galaxy-f23-5g-forest-green-128-gb/p/itm4001e68fda319?pid=MOBGHDXFJ2J7568H&lid=LSTMOBGHDXFJ2J7568HAQCIHZ&marketplace=FLIPKART&store=tyy%2F4io&srno=b_1_12&otracker=browse&fm=organic&iid=a9a8c05c-bc80-4de8-bdb4-a7941ce1c456.MOBGHDXFJ2J7568H.SEARCH&ppt=None&ppn=None&ssid=0b2s98n5g00000001673525560136,"SAMSUNG Galaxy F23 5G (Forest Green, 128 GB)",4.3,"₹16,999","1,38,119 Ratings & 11,221 Reviews",6 GB RAM | 128 GB ROM16.76 cm (6.6 inch) Display50MP Rear Camera5000 mAh Battery1 Year Warranty,No offer now
12,https://www.flipkart.com//motorola-e40-pink-clay-64-gb/p/itm5d6f2871d1bbf?pid=MOBG2EMW2ZUR4BFG&lid=LSTMOBG2EMW2ZUR4BFGEC0C0J&marketplace=FLIPKART&store=tyy%2F4io&srno=b_1_13&otracker=browse&fm=organic&iid=a9a8c05c-bc80-4de8-bdb4-a7941ce1c456.MOBG2EMW2ZUR4BFG.SEARCH&ppt=None&ppn=None&ssid=0b2s98n5g00000001673525560136,"MOTOROLA e40 (Pink Clay, 64 GB)",4.1,"₹7,999","56,085 Ratings & 5,600 Reviews",4 GB RAM | 64 GB ROM | Expandable Upto 1 TB16.51 cm (6.5 inch) HD+ Display48MP + 2MP + 2MP | 8MP Front Camera5000 mAh BatteryUNISOC T700 Processor1 Year on Handset and 6 Months on Accessories,27% off
13,https://www.flipkart.com//motorola-g62-5g-midnight-gray-128-gb/p/itm37da299ffb2d0?pid=MOBGEDT5ZZMZQZSJ&lid=LSTMOBGEDT5ZZMZQZSJFXDZSQ&marketplace=FLIPKART&store=tyy%2F4io&srno=b_1_14&otracker=browse&fm=organic&iid=a9a8c05c-bc80-4de8-bdb4-a7941ce1c456.MOBGEDT5ZZMZQZSJ.SEARCH&ppt=None&ppn=None&ssid=0b2s98n5g00000001673525560136,"MOTOROLA G62 5G (Midnight Gray, 128 GB)",4.1,"₹14,999","8,567 Ratings & 933 Reviews",6 GB RAM | 128 GB ROM16.64 cm (6.55 inch) Full HD+ Display50MP + 8MP + 2MP | 16MP Front Camera5000 mAh Lithium Polymer BatteryQualcomm Snapdragon 695 5G Processor1 Year on Handset and 6 Months on Accessories,31% off
14,https://www.flipkart.com//motorola-g32-satin-silver-64-gb/p/itm264e8f39d3934?pid=MOBGEA3CGNUPBCD2&lid=LSTMOBGEA3CGNUPBCD2ASUJ7J&marketplace=FLIPKART&store=tyy%2F4io&srno=b_1_15&otracker=browse&fm=organic&iid=a9a8c05c-bc80-4de8-bdb4-a7941ce1c456.MOBGEA3CGNUPBCD2.SEARCH&ppt=None&ppn=None&ssid=0b2s98n5g00000001673525560136,"MOTOROLA G32 (Satin Silver, 64 GB)",4.2,"₹9,999","16,997 Ratings & 1,707 Reviews",4 GB RAM | 64 GB ROM16.64 cm (6.55 inch) Full HD+ Display50MP + 8MP + 2MP | 16MP Front Camera5000 mAh Lithium Polymer BatteryQualcomm Snapdragon 680 Processor1 Year on Handset and 6 Months on Accessories,41% off
15,https://www.flipkart.com//samsung-galaxy-s21-fe-5g-olive-128-gb/p/itm76e6e65136e17?pid=MOBGCKMEMZE5UJXK&lid=LSTMOBGCKMEMZE5UJXK6LPNPI&marketplace=FLIPKART&store=tyy%2F4io&srno=b_1_16&otracker=browse&fm=organic&iid=a9a8c05c-bc80-4de8-bdb4-a7941ce1c456.MOBGCKMEMZE5UJXK.SEARCH&ppt=None&ppn=None&ssid=0b2s98n5g00000001673525560136,"SAMSUNG Galaxy S21 FE 5G (Olive, 128 GB)",4.4,"₹34,999","29,170 Ratings & 3,007 Reviews",8 GB RAM | 128 GB ROM16.26 cm (6.4 inch) Full HD+ Display12MP + 12MP + 8MP (OIS) | 32MP Front Camera4500 mAh Lithium-ion Battery1 Year Manufacturer Warranty for Device and 6 Months Manufacturer Warranty for In-Box Accessories,53% off
16,https://www.flipkart.com//motorola-g52-charcoal-grey-128-gb/p/itmea9ebe003e26c?pid=MOBGAKFYFCZJ8JVY&lid=LSTMOBGAKFYFCZJ8JVY99JHKD&marketplace=FLIPKART&store=tyy%2F4io&srno=b_1_17&otracker=browse&fm=organic&iid=a9a8c05c-bc80-4de8-bdb4-a7941ce1c456.MOBGAKFYFCZJ8JVY.SEARCH&ppt=None&ppn=None&ssid=0b2s98n5g00000001673525560136,"MOTOROLA g52 (Charcoal Grey, 128 GB)",4.2,"₹12,999","21,256 Ratings & 2,659 Reviews",6 GB RAM | 128 GB ROM16.76 cm (6.6 inch) Full HD+ Display50MP + 8MP + 2MP | 16MP Front Camera5000 mAh Lithium BatteryQualcomm Snapdragon 680 Processor1 Year on Handset and 6 Months on Accessories,35% off
17,https://www.flipkart.com//redmi-9i-sport-carbon-black-64-gb/p/itm4559197007bd1?pid=MOBG6WQWRGRRDBH6&lid=LSTMOBG6WQWRGRRDBH6MSMKC8&marketplace=FLIPKART&store=tyy%2F4io&spotlightTagId=BestsellerId_tyy%2F4io&srno=b_1_18&otracker=browse&fm=organic&iid=a9a8c05c-bc80-4de8-bdb4-a7941ce1c456.MOBG6WQWRGRRDBH6.SEARCH&ppt=None&ppn=None&ssid=0b2s98n5g00000001673525560136,"REDMI 9i Sport (Carbon Black, 64 GB)",4.3,"₹7,199","2,09,377 Ratings & 12,027 Reviews",4 GB RAM | 64 GB ROM | Expandable Upto 512 GB16.59 cm (6.53 inch) HD+ Display13MP Rear Camera | 5MP Front Camera5000 mAh Li-Polymer BatteryMediaTek Helio G25 ProcessorBrand Warranty of 1 Year Available for Mobile and 6 Months for Accessories,28% off
18,https://www.flipkart.com//realme-9-5g-supersonic-blue-64-gb/p/itm4f3814d50ff53?pid=MOBGDGZFXYZ4NFYM&lid=LSTMOBGDGZFXYZ4NFYMHOVCPY&marketplace=FLIPKART&store=tyy%2F4io&srno=b_1_19&otracker=browse&fm=organic&iid=a9a8c05c-bc80-4de8-bdb4-a7941ce1c456.MOBGDGZFXYZ4NFYM.SEARCH&ppt=None&ppn=None&ssid=0b2s98n5g00000001673525560136,"realme 9 5G (Supersonic Blue, 64 GB)",4.5,"₹14,999","36,148 Ratings & 2,084 Reviews",4 GB RAM | 64 GB ROM | Expandable Upto 1 TB16.51 cm (6.5 inch) Full HD+ Display48MP + 2MP + 2MP | 16MP Front Camera5000 mAh Lithium Polymer BatteryMediatek Dimensity 810 Processor1 Year Warranty for Phone and 6 Months Warranty for In-Box Accessories,21% off
19,https://www.flipkart.com//poco-m4-5g-power-black-64-gb/p/itmdca739218a8a0?pid=MOBGDRGPZTSHNQ5H&lid=LSTMOBGDRGPZTSHNQ5HAHOVPZ&marketplace=FLIPKART&store=tyy%2F4io&srno=b_1_20&otracker=browse&fm=organic&iid=a9a8c05c-bc80-4de8-bdb4-a7941ce1c456.MOBGDRGPZTSHNQ5H.SEARCH&ppt=None&ppn=None&ssid=0b2s98n5g00000001673525560136,"POCO M4 5G (Power Black, 64 GB)",4.2,"₹11,999","45,400 Ratings & 3,749 Reviews",4 GB RAM | 64 GB ROM | Expandable Upto 512 GB16.71 cm (6.58 inch) Full HD+ Display50MP + 2MP | 8MP Front Camera5000 mAh Lithium Ion Polymer BatteryMediatek Dimensity 700 Processor1 Year Warranty for Handset and 6 Months for Accessories,25% off
20,https://www.flipkart.com//motorola-g52-metallic-white-128-gb/p/itm469efad765b98?pid=MOBGAKFYDDSNZGR8&lid=LSTMOBGAKFYDDSNZGR8W6QBUV&marketplace=FLIPKART&store=tyy%2F4io&srno=b_1_21&otracker=browse&fm=organic&iid=a9a8c05c-bc80-4de8-bdb4-a7941ce1c456.MOBGAKFYDDSNZGR8.SEARCH&ppt=None&ppn=None&ssid=0b2s98n5g00000001673525560136,"MOTOROLA g52 (Metallic White, 128 GB)",4.2,"₹12,999","21,256 Ratings & 2,659 Reviews",6 GB RAM | 128 GB ROM16.76 cm (6.6 inch) Full HD+ Display50MP + 8MP + 2MP | 16MP Front Camera5000 mAh Lithium BatteryQualcomm Snapdragon 680 Processor1 Year on Handset and 6 Months on Accessories,35% off
21,https://www.flipkart.com//apple-iphone-14-starlight-128-gb/p/itm3485a56f6e676?pid=MOBGHWFHABH3G73H&lid=LSTMOBGHWFHABH3G73HRLIX56&marketplace=FLIPKART&store=tyy%2F4io&srno=b_1_22&otracker=browse&fm=organic&iid=a9a8c05c-bc80-4de8-bdb4-a7941ce1c456.MOBGHWFHABH3G73H.SEARCH&ppt=None&ppn=None&ssid=0b2s98n5g00000001673525560136,"APPLE iPhone 14 (Starlight, 128 GB)",4.6,"₹73,990","1,034 Ratings & 69 Reviews","128 GB ROM15.49 cm (6.1 inch) Super Retina XDR Display12MP + 12MP | 12MP Front CameraA15 Bionic Chip, 6 Core Processor Processor1 Year Warranty for Phone and 6 Months Warranty for In-Box Accessories",7% off
22,https://www.flipkart.com//infinix-hot-20-play-racing-black-64-gb/p/itm1e6903eb0203e?pid=MOBGK23WGFWJHRQD&lid=LSTMOBGK23WGFWJHRQD90DLPU&marketplace=FLIPKART&store=tyy%2F4io&srno=b_1_23&otracker=browse&fm=organic&iid=a9a8c05c-bc80-4de8-bdb4-a7941ce1c456.MOBGK23WGFWJHRQD.SEARCH&ppt=None&ppn=None&ssid=0b2s98n5g00000001673525560136,"Infinix HOT 20 Play (Racing Black, 64 GB)",4.4,"₹8,199",637 Ratings & 59 Reviews,4 GB RAM | 64 GB ROM | Expandable Upto 256 GB17.32 cm (6.82 inch) HD+ Display13Mp + AI Lens | 8MP Front Camera6000 mAh Li-ion Polymer BatteryMediaTek G37 Processor1 Year on Handset and 6 Months on Accessories,31% off
23,https://www.flipkart.com//infinix-hot-20-play-aurora-green-64-gb/p/itm1e6903eb0203e?pid=MOBGK23WWFC8SUZZ&lid=LSTMOBGK23WWFC8SUZZTMFJG8&marketplace=FLIPKART&store=tyy%2F4io&srno=b_1_24&otracker=browse&fm=organic&iid=a9a8c05c-bc80-4de8-bdb4-a7941ce1c456.MOBGK23WWFC8SUZZ.SEARCH&ppt=None&ppn=None&ssid=0b2s98n5g00000001673525560136,"Infinix HOT 20 Play (Aurora Green, 64 GB)",4.4,"₹8,199",637 Ratings & 59 Reviews,4 GB RAM | 64 GB ROM | Expandable Upto 256 GB17.32 cm (6.82 inch) HD+ Display13Mp + AI Lens | 8MP Front Camera6000 mAh Li-ion Polymer BatteryMediaTek G37 Processor1 Year on Handset and 6 Months on Accessories,31% off
24,https://www.flipkart.com//vivo-t1x-space-blue-128-gb/p/itm9e8207e7825a9?pid=MOBGG56ZYSVXEAHC&lid=LSTMOBGG56ZYSVXEAHCCUPIEO&marketplace=FLIPKART&store=tyy%2F4io&srno=b_3_49&otracker=browse&fm=organic&iid=5b20e514-cea3-4a7d-8811-20faf6a535da.MOBGG56ZYSVXEAHC.SEARCH&ppt=None&ppn=None&ssid=uyse42f4vk0000001673525562025,"vivo T1X (Space Blue, 128 GB)",4.5,"₹12,999","68,386 Ratings & 3,880 Reviews",4 GB RAM | 128 GB ROM16.71 cm (6.58 inch) Full HD+ Display50MP + 2MP | 8MP Front Camera5000 mAh BatteryQualcomm Snapdragon 680 Processor1 Year on Handset and 6 Months on Accessories,27% off
25,https://www.flipkart.com//vivo-t1-5g-rainbow-fantasy-128-gb/p/itm594222523bd8f?pid=MOBGB9TYGW5NGXVH&lid=LSTMOBGB9TYGW5NGXVHWMF5TV&marketplace=FLIPKART&store=tyy%2F4io&srno=b_3_50&otracker=browse&fm=organic&iid=5b20e514-cea3-4a7d-8811-20faf6a535da.MOBGB9TYGW5NGXVH.SEARCH&ppt=None&ppn=None&ssid=uyse42f4vk0000001673525562025,"vivo T1 5G (Rainbow Fantasy, 128 GB)",4.3,"₹15,990","59,607 Ratings & 4,787 Reviews",4 GB RAM | 128 GB ROM | Expandable Upto 1 TB16.71 cm (6.58 inch) Full HD+ Display50MP + 2MP + 2MP | 16MP Front Camera5000 mAh Lithium BatteryTurbo Processor Snapdragon 695 Processor1 Year Handset and 6 Months Accessories,20% off
26,https://www.flipkart.com//poco-m4-5g-power-black-128-gb/p/itm967111aabdc3f?pid=MOBGDRGPQQGTRXU9&lid=LSTMOBGDRGPQQGTRXU9JU154S&marketplace=FLIPKART&store=tyy%2F4io&srno=b_3_51&otracker=browse&fm=organic&iid=5b20e514-cea3-4a7d-8811-20faf6a535da.MOBGDRGPQQGTRXU9.SEARCH&ppt=None&ppn=None&ssid=uyse42f4vk0000001673525562025,"POCO M4 5G (Power Black, 128 GB)",4.2,"₹13,999","22,778 Ratings & 1,890 Reviews",6 GB RAM | 128 GB ROM | Expandable Upto 512 GB16.71 cm (6.58 inch) Full HD+ Display50MP + 2MP | 8MP Front Camera5000 mAh Lithium Ion Polymer BatteryMediatek Dimensity 700 Processor1 Year Warranty for Handset and 6 Months for Accessories,26% off
27,https://www.flipkart.com//vivo-t1-5g-rainbow-fantasy-128-gb/p/itm594222523bd8f?pid=MOBGB9TYFQR3FQZT&lid=LSTMOBGB9TYFQR3FQZTTIVBCR&marketplace=FLIPKART&store=tyy%2F4io&srno=b_3_52&otracker=browse&fm=organic&iid=5b20e514-cea3-4a7d-8811-20faf6a535da.MOBGB9TYFQR3FQZT.SEARCH&ppt=None&ppn=None&ssid=uyse42f4vk0000001673525562025,"vivo T1 5G (Rainbow Fantasy, 128 GB)",4.4,"₹16,990","1,58,204 Ratings & 12,538 Reviews",6 GB RAM | 128 GB ROM | Expandable Upto 1 TB16.71 cm (6.58 inch) Full HD+ Display50MP + 2MP + 2MP | 16MP Front Camera5000 mAh Lithium BatteryQualcomm Snapdragon 695 Processor1 Year Handset and 6 Months Accessories,19% off
28,https://www.flipkart.com//samsung-galaxy-s21-fe-5g-graphite-128-gb/p/itm7be0f72fff180?pid=MOBGBPFZSPRG8GSU&lid=LSTMOBGBPFZSPRG8GSUYZCRY0&marketplace=FLIPKART&store=tyy%2F4io&srno=b_3_53&otracker=browse&fm=organic&iid=5b20e514-cea3-4a7d-8811-20faf6a535da.MOBGBPFZSPRG8GSU.SEARCH&ppt=None&ppn=None&ssid=uyse42f4vk0000001673525562025,"SAMSUNG Galaxy S21 FE 5G (Graphite, 128 GB)",4.4,"₹34,999","29,170 Ratings & 3,007 Reviews",8 GB RAM | 128 GB ROM16.26 cm (6.4 inch) Full HD+ Display12MP + 12MP + 8MP (OIS) | 32MP Front Camera4500 mAh Lithium-ion Battery1 Year Manufacturer Warranty for Device and 6 Months Manufacturer Warranty for In-Box Accessories,53% off
29,https://www.flipkart.com//apple-iphone-13-pink-128-gb/p/itm6e30c6ee045d2?pid=MOBG6VF5GXVFTQ5Y&lid=LSTMOBG6VF5GXVFTQ5YSGQY4O&marketplace=FLIPKART&store=tyy%2F4io&srno=b_3_54&otracker=browse&fm=organic&iid=5b20e514-cea3-4a7d-8811-20faf6a535da.MOBG6VF5GXVFTQ5Y.SEARCH&ppt=None&ppn=None&ssid=uyse42f4vk0000001673525562025,"APPLE iPhone 13 (Pink, 128 GB)",4.7,"₹60,999","1,77,959 Ratings & 9,804 Reviews",128 GB ROM15.49 cm (6.1 inch) Super Retina XDR Display12MP + 12MP | 12MP Front CameraA15 Bionic Chip ProcessorBrand Warranty for 1 Year,12% off
30,https://www.flipkart.com//apple-iphone-13-starlight-128-gb/p/itmc9604f122ae7f?pid=MOBG6VF5ADKHKXFX&lid=LSTMOBG6VF5ADKHKXFXQGX7PK&marketplace=FLIPKART&store=tyy%2F4io&srno=b_3_55&otracker=browse&fm=organic&iid=5b20e514-cea3-4a7d-8811-20faf6a535da.MOBG6VF5ADKHKXFX.SEARCH&ppt=None&ppn=None&ssid=uyse42f4vk0000001673525562025,"APPLE iPhone 13 (Starlight, 128 GB)",4.7,"₹60,999","1,77,959 Ratings & 9,804 Reviews",128 GB ROM15.49 cm (6.1 inch) Super Retina XDR Display12MP + 12MP | 12MP Front CameraA15 Bionic Chip ProcessorBrand Warranty for 1 Year,12% off
31,https://www.flipkart.com//motorola-g82-5g-white-lily-128-gb/p/itm0ff99785d62ad?pid=MOBGBEU72QZHCSQZ&lid=LSTMOBGBEU72QZHCSQZAC3ZDL&marketplace=FLIPKART&store=tyy%2F4io&srno=b_3_56&otracker=browse&fm=organic&iid=5b20e514-cea3-4a7d-8811-20faf6a535da.MOBGBEU72QZHCSQZ.SEARCH&ppt=None&ppn=None&ssid=uyse42f4vk0000001673525562025,"MOTOROLA g82 5G(White Lily, 128 GB)",4.2,"₹18,999","5,284 Ratings & 710 Reviews",6 GB RAM | 128 GB ROM | Expandable Upto 1 TB16.76 cm (6.6 inch) Full HD+ Display50MP + 8MP + 2MP | 16MP Front Camera5000 mAh Lithium BatteryQualcomm Snapdragon 695 5G Processor1 Year on Handset and 6 Months on Accessories,20% off
32,https://www.flipkart.com//apple-iphone-14-blue-128-gb/p/itmdb77f40da6b6d?pid=MOBGHWFHSV7GUFWA&lid=LSTMOBGHWFHSV7GUFWA3AV8J8&marketplace=FLIPKART&store=tyy%2F4io&srno=b_3_57&otracker=browse&fm=organic&iid=5b20e514-cea3-4a7d-8811-20faf6a535da.MOBGHWFHSV7GUFWA.SEARCH&ppt=None&ppn=None&ssid=uyse42f4vk0000001673525562025,"APPLE iPhone 14 (Blue, 128 GB)",4.6,"₹73,990","1,034 Ratings & 69 Reviews","128 GB ROM15.49 cm (6.1 inch) Super Retina XDR Display12MP + 12MP | 12MP Front CameraA15 Bionic Chip, 6 Core Processor Processor1 Year Warranty for Phone and 6 Months Warranty for In-Box Accessories",7% off
33,https://www.flipkart.com//infinix-smart-6-hd-origin-blue-32-gb/p/itme9743e28b0cf7?pid=MOBGGMHWHDPHYSNX&lid=LSTMOBGGMHWHDPHYSNX0ZW5L4&marketplace=FLIPKART&store=tyy%2F4io&srno=b_3_58&otracker=browse&fm=organic&iid=5b20e514-cea3-4a7d-8811-20faf6a535da.MOBGGMHWHDPHYSNX.SEARCH&ppt=None&ppn=None&ssid=uyse42f4vk0000001673525562025,"Infinix Smart 6 HD (Origin Blue, 32 GB)",4.4,"₹5,799","16,009 Ratings & 858 Reviews",2 GB RAM | 32 GB ROM | Expandable Upto 512 GB16.76 cm (6.6 inch) HD+ Display8MP Rear Camera | 5MP Front Camera5000 mAh Lithium-ion Polymer BatteryMediatek Helio A22 Processor1 Year on Handset and 6 Months on Accessories,35% off
34,https://www.flipkart.com//apple-iphone-13-midnight-128-gb/p/itmca361aab1c5b0?pid=MOBG6VF5Q82T3XRS&lid=LSTMOBG6VF5Q82T3XRSOXJLM9&marketplace=FLIPKART&store=tyy%2F4io&srno=b_3_59&otracker=browse&fm=organic&iid=5b20e514-cea3-4a7d-8811-20faf6a535da.MOBG6VF5Q82T3XRS.SEARCH&ppt=None&ppn=None&ssid=uyse42f4vk0000001673525562025,"APPLE iPhone 13 (Midnight, 128 GB)",4.7,"₹60,999","1,77,959 Ratings & 9,804 Reviews",128 GB ROM15.49 cm (6.1 inch) Super Retina XDR Display12MP + 12MP | 12MP Front CameraA15 Bionic Chip ProcessorBrand Warranty for 1 Year,12% off
35,https://www.flipkart.com//infinix-smart-6-hd-aqua-sky-32-gb/p/itme9743e28b0cf7?pid=MOBGGMHWZZR7GB6R&lid=LSTMOBGGMHWZZR7GB6R7FNENW&marketplace=FLIPKART&store=tyy%2F4io&srno=b_3_60&otracker=browse&fm=organic&iid=5b20e514-cea3-4a7d-8811-20faf6a535da.MOBGGMHWZZR7GB6R.SEARCH&ppt=None&ppn=None&ssid=uyse42f4vk0000001673525562025,"Infinix Smart 6 HD (Aqua Sky, 32 GB)",4.4,"₹5,799","16,009 Ratings & 858 Reviews",2 GB RAM | 32 GB ROM | Expandable Upto 512 GB16.76 cm (6.6 inch) HD+ Display8MP Rear Camera | 5MP Front Camera5000 mAh Lithium-ion Polymer BatteryMediatek Helio A22 Processor1 Year on Handset and 6 Months on Accessories,35% off
36,https://www.flipkart.com//realme-9-5g-supersonic-black-128-gb/p/itm4f3814d50ff53?pid=MOBGDGZYGBZW6GGK&lid=LSTMOBGDGZYGBZW6GGKBSXEDO&marketplace=FLIPKART&store=tyy%2F4io&srno=b_3_61&otracker=browse&fm=organic&iid=5b20e514-cea3-4a7d-8811-20faf6a535da.MOBGDGZYGBZW6GGK.SEARCH&ppt=None&ppn=None&ssid=uyse42f4vk0000001673525562025,"realme 9 5G (Supersonic Black, 128 GB)",4.4,"₹16,499","44,622 Ratings & 2,938 Reviews",6 GB RAM | 128 GB ROM | Expandable Upto 1 TB16.51 cm (6.5 inch) Full HD+ Display48MP + 2MP + 2MP | 16MP Front Camera5000 mAh Lithium Polymer BatteryMediatek Dimensity 810 Processor1 Year Warranty for Phone and 6 Months Warranty for In-Box Accessories,21% off
37,https://www.flipkart.com//vivo-t1x-space-blue-128-gb/p/itm9e8207e7825a9?pid=MOBGG56ZR25JKP8Y&lid=LSTMOBGG56ZR25JKP8YGTSEZ2&marketplace=FLIPKART&store=tyy%2F4io&srno=b_3_62&otracker=browse&fm=organic&iid=5b20e514-cea3-4a7d-8811-20faf6a535da.MOBGG56ZR25JKP8Y.SEARCH&ppt=None&ppn=None&ssid=uyse42f4vk0000001673525562025,"vivo T1X (Space Blue, 128 GB)",4.4,"₹14,999","3,415 Ratings & 211 Reviews",6 GB RAM | 128 GB ROM16.71 cm (6.58 inch) Full HD+ Display50MP + 2MP | 8MP Front Camera5000 mAh BatteryQualcomm Snapdragon 680 Processor1 Year on Handset and 6 Months on Accessories,21% off
38,https://www.flipkart.com//motorola-g42-metallic-rose-64-gb/p/itmd8464bfa8cd7c?pid=MOBGBUPWBYU5N6JM&lid=LSTMOBGBUPWBYU5N6JMDFPQ4G&marketplace=FLIPKART&store=tyy%2F4io&srno=b_3_63&otracker=browse&fm=organic&iid=5b20e514-cea3-4a7d-8811-20faf6a535da.MOBGBUPWBYU5N6JM.SEARCH&ppt=None&ppn=None&ssid=uyse42f4vk0000001673525562025,"MOTOROLA g42 (Metallic Rose, 64 GB)",4.1,"₹10,999","3,232 Ratings & 400 Reviews",4 GB RAM | 64 GB ROM16.43 cm (6.47 inch) Full HD+ AMOLED Display50MP + 8MP + 2MP | 16MP Front Camera5000 mAh Lithium polymer BatteryQualcomm Snapdragon 680 Processor1 Year on Handset and 6 Months on Accessories,35% off
39,https://www.flipkart.com//realme-9i-prism-blue-128-gb/p/itm3e9987219f652?pid=MOBGBMZHMUHYWFAE&lid=LSTMOBGBMZHMUHYWFAE85XWU8&marketplace=FLIPKART&store=tyy%2F4io&srno=b_3_64&otracker=browse&fm=organic&iid=5b20e514-cea3-4a7d-8811-20faf6a535da.MOBGBMZHMUHYWFAE.SEARCH&ppt=None&ppn=None&ssid=uyse42f4vk0000001673525562025,"realme 9i (Prism Blue, 128 GB)",4.5,"₹12,599","1,17,046 Ratings & 6,906 Reviews",4 GB RAM | 128 GB ROM | Expandable Upto 1 TB16.76 cm (6.6 inch) Full HD+ Display50MP + 2MP + 2MP | 16MP Front Camera5000 mAh Lithium ion BatteryQualcomm Snapdragon 680 (SM6225) Processor1 Year Manufacturer Warranty for Phone and 6 Months Warranty for in the Box Accessories,25% off
40,https://www.flipkart.com//vivo-t1-5g-starlight-black-128-gb/p/itm594222523bd8f?pid=MOBGB9TYNDFYKNQ6&lid=LSTMOBGB9TYNDFYKNQ6QMGH15&marketplace=FLIPKART&store=tyy%2F4io&srno=b_3_65&otracker=browse&fm=organic&iid=5b20e514-cea3-4a7d-8811-20faf6a535da.MOBGB9TYNDFYKNQ6.SEARCH&ppt=None&ppn=None&ssid=uyse42f4vk0000001673525562025,"vivo T1 5G (Starlight Black, 128 GB)",4.3,"₹15,990","59,607 Ratings & 4,787 Reviews",4 GB RAM | 128 GB ROM | Expandable Upto 1 TB16.71 cm (6.58 inch) Full HD+ Display50MP + 2MP + 2MP | 16MP Front Camera5000 mAh Lithium BatteryQualcomm Snapdragon 695 Processor1 Year Handset and 6 Months Accessories,20% off
41,https://www.flipkart.com//nokia-105-ss/p/itmb937aecea14e6?pid=MOBGC96FRD7DB2R7&lid=LSTMOBGC96FRD7DB2R7JBURME&marketplace=FLIPKART&store=tyy%2F4io&srno=b_3_66&otracker=browse&fm=organic&iid=5b20e514-cea3-4a7d-8811-20faf6a535da.MOBGC96FRD7DB2R7.SEARCH&ppt=None&ppn=None&ssid=uyse42f4vk0000001673525562025,Nokia 105 SS,4.2,"₹1,299","24,816 Ratings & 1,801 Reviews",32 MB RAM | 32 MB ROM4.5 cm (1.77 inch) QVGA Display0MP Front Camera800 mAh Lithium Ion BatterySC6531E Processor1 Year Manufacturer Warranty for Device and 6 Months Manufacturer Warranty for In-box Accessories Including Battery from the Date of Purchase,18% off
42,https://www.flipkart.com//nokia-105-ss/p/itmb937aecea14e6?pid=MOBGC96FVTHVNXNH&lid=LSTMOBGC96FVTHVNXNHGPCV73&marketplace=FLIPKART&store=tyy%2F4io&srno=b_3_67&otracker=browse&fm=organic&iid=5b20e514-cea3-4a7d-8811-20faf6a535da.MOBGC96FVTHVNXNH.SEARCH&ppt=None&ppn=None&ssid=uyse42f4vk0000001673525562025,Nokia 105 SS,4.2,"₹1,299","24,816 Ratings & 1,801 Reviews",32 MB RAM | 32 MB ROM4.5 cm (1.77 inch) QVGA Display0MP Front Camera800 mAh Lithium Ion BatterySC6531E Processor1 Year Manufacturer Warranty for Device and 6 Months Manufacturer Warranty for In-box Accessories Including Battery from the Date of Purchase,18% off
43,https://www.flipkart.com//poco-m4-pro-5g-yellow-128-gb/p/itme2c365d979338?pid=MOBGBEU99VVSJWG6&lid=LSTMOBGBEU99VVSJWG6JHNSLR&marketplace=FLIPKART&store=tyy%2F4io&srno=b_3_68&otracker=browse&fm=organic&iid=5b20e514-cea3-4a7d-8811-20faf6a535da.MOBGBEU99VVSJWG6.SEARCH&ppt=None&ppn=None&ssid=uyse42f4vk0000001673525562025,"POCO M4 Pro 5G (Yellow, 128 GB)",4.2,"₹13,999","41,520 Ratings & 3,726 Reviews","6 GB RAM | 128 GB ROM | Expandable Upto 1 TB16.76 cm (6.6 inch) Full HD+ Display50MP + 8MP | 16MP Front Camera5000 mAh Lithium-ion Polymer BatteryMediatek Dimensity 810 ProcessorOne Year for Handset, 6 Months for Accessories",30% off
44,https://www.flipkart.com//vivo-t1-44w-midnight-galaxy-128-gb/p/itm2a08ebbea3689?pid=MOBGDRHVZN29ZJF4&lid=LSTMOBGDRHVZN29ZJF4WEHAX7&marketplace=FLIPKART&store=tyy%2F4io&srno=b_3_69&otracker=browse&fm=organic&iid=5b20e514-cea3-4a7d-8811-20faf6a535da.MOBGDRHVZN29ZJF4.SEARCH&ppt=None&ppn=None&ssid=uyse42f4vk0000001673525562025,"vivo T1 44W (Midnight Galaxy, 128 GB)",4.5,"₹14,499","75,290 Ratings & 5,509 Reviews",4 GB RAM | 128 GB ROM | Expandable Upto 1 TB16.36 cm (6.44 inch) Full HD+ AMOLED Display50MP + 2MP + 2MP | 16MP Front Camera5000 mAh Lithium BatteryQualcomm Snapdragon 680 Processor1 Year Handset and 6 Months Accessories,27% off
45,https://www.flipkart.com//vivo-t1-44w-starry-sky-128-gb/p/itm2a08ebbea3689?pid=MOBGDRHVHNBBBBP5&lid=LSTMOBGDRHVHNBBBBP5SY2MJL&marketplace=FLIPKART&store=tyy%2F4io&srno=b_3_70&otracker=browse&fm=organic&iid=5b20e514-cea3-4a7d-8811-20faf6a535da.MOBGDRHVHNBBBBP5.SEARCH&ppt=None&ppn=None&ssid=uyse42f4vk0000001673525562025,"vivo T1 44W (Starry Sky, 128 GB)",4.5,"₹14,499","75,290 Ratings & 5,509 Reviews",4 GB RAM | 128 GB ROM | Expandable Upto 1 TB16.36 cm (6.44 inch) Full HD+ AMOLED Display50MP + 2MP + 2MP | 16MP Front Camera5000 mAh Lithium BatteryQualcomm Snapdragon 680 Processor1 Year Handset and 6 Months Accessories,27% off
46,https://www.flipkart.com//infinix-hot-12-exploratory-blue-64-gb/p/itm2dedd3ceae379?pid=MOBGHY3ZZNPU26HB&lid=LSTMOBGHY3ZZNPU26HBXFOZSZ&marketplace=FLIPKART&store=tyy%2F4io&srno=b_3_71&otracker=browse&fm=organic&iid=5b20e514-cea3-4a7d-8811-20faf6a535da.MOBGHY3ZZNPU26HB.SEARCH&ppt=None&ppn=None&ssid=uyse42f4vk0000001673525562025,"Infinix Hot 12 (Exploratory Blue, 64 GB)",4.2,"₹8,899","14,985 Ratings & 1,110 Reviews",4 GB RAM | 64 GB ROM17.32 cm (6.82 inch) HD+ Display50 MP + 2 MP Depth Lens + AI Lens | 8MP Front Camera6000 mAh Lithium-ion Polymer BatteryMeditek Helio G37 Processor1 Year on Handset and 6 Months on Accessories,31% off
47,https://www.flipkart.com//infinix-hot-12-7-purple-64-gb/p/itm2dedd3ceae379?pid=MOBGHY3ZGCPGJHQZ&lid=LSTMOBGHY3ZGCPGJHQZEDNIE6&marketplace=FLIPKART&store=tyy%2F4io&srno=b_3_72&otracker=browse&fm=organic&iid=5b20e514-cea3-4a7d-8811-20faf6a535da.MOBGHY3ZGCPGJHQZ.SEARCH&ppt=None&ppn=None&ssid=uyse42f4vk0000001673525562025,"Infinix Hot 12 (7° Purple, 64 GB)",4.2,"₹8,899","14,985 Ratings & 1,110 Reviews",4 GB RAM | 64 GB ROM17.32 cm (6.82 inch) HD+ Display50 MP + 2 MP Depth Lens + AI Lens | 8MP Front Camera6000 mAh Lithium-ion Polymer BatteryMeditek Helio G37 Processor1 Year on Handset and 6 Months on Accessories,31% off
48,https://www.flipkart.com//vivo-t1-44w-starry-sky-128-gb/p/itm2a08ebbea3689?pid=MOBGDRHVMW2UDXZY&lid=LSTMOBGDRHVMW2UDXZYVNQXYN&marketplace=FLIPKART&store=tyy%2F4io&srno=b_4_73&otracker=browse&fm=organic&iid=4bda799a-de2b-470f-bed4-7acc63d242e6.MOBGDRHVMW2UDXZY.SEARCH&ppt=None&ppn=None&ssid=4aufrhy8a80000001673525564568,"vivo T1 44W (Starry Sky, 128 GB)",4.4,"₹15,999","43,289 Ratings & 3,353 Reviews",6 GB RAM | 128 GB ROM | Expandable Upto 1 TB16.36 cm (6.44 inch) Full HD+ AMOLED Display50MP + 2MP + 2MP | 16MP Front Camera5000 mAh Lithium BatteryQualcomm Snapdragon 680 Processor1 Year Handset and 6 Months Accessories,23% off
49,https://www.flipkart.com//vivo-t1-44w-midnight-galaxy-128-gb/p/itm2a08ebbea3689?pid=MOBGDRHVXFVCGS23&lid=LSTMOBGDRHVXFVCGS23BNMEFR&marketplace=FLIPKART&store=tyy%2F4io&srno=b_4_74&otracker=browse&fm=organic&iid=4bda799a-de2b-470f-bed4-7acc63d242e6.MOBGDRHVXFVCGS23.SEARCH&ppt=None&ppn=None&ssid=4aufrhy8a80000001673525564568,"vivo T1 44W (Midnight Galaxy, 128 GB)",4.4,"₹15,999","43,289 Ratings & 3,353 Reviews",6 GB RAM | 128 GB ROM | Expandable Upto 1 TB16.36 cm (6.44 inch) Full HD+ AMOLED Display50MP + 2MP + 2MP | 16MP Front Camera5000 mAh Lithium BatteryQualcomm Snapdragon 680 Processor1 Year Handset and 6 Months Accessories,23% off
50,https://www.flipkart.com//redmi-10-caribbean-green-64-gb/p/itmbfb8dfcdd6e10?pid=MOBGC9GYQGGKWEU3&lid=LSTMOBGC9GYQGGKWEU3SLBNSD&marketplace=FLIPKART&store=tyy%2F4io&srno=b_4_75&otracker=browse&fm=organic&iid=4bda799a-de2b-470f-bed4-7acc63d242e6.MOBGC9GYQGGKWEU3.SEARCH&ppt=None&ppn=None&ssid=4aufrhy8a80000001673525564568,"REDMI 10 (Caribbean Green, 64 GB)",4.3,"₹9,999","1,66,141 Ratings & 10,882 Reviews",4 GB RAM | 64 GB ROM | Expandable Upto 1 TB17.02 cm (6.7 inch) HD+ Display50MP + 2MP | 5MP Front Camera6000 mAh Lithium Polymer BatteryQualcomm Snapdragon 680 Processor1 Year Warranty for Phone and 6 Months Warranty for In-Box Accessories,33% off
51,https://www.flipkart.com//realme-9-meteor-black-128-gb/p/itm73722a6d35d36?pid=MOBGDYSHYBBS2BBF&lid=LSTMOBGDYSHYBBS2BBFXEWCRR&marketplace=FLIPKART&store=tyy%2F4io&srno=b_4_76&otracker=browse&fm=organic&iid=4bda799a-de2b-470f-bed4-7acc63d242e6.MOBGDYSHYBBS2BBF.SEARCH&ppt=None&ppn=None&ssid=4aufrhy8a80000001673525564568,"realme 9 (Meteor Black, 128 GB)",4.4,"₹14,599","55,851 Ratings & 4,062 Reviews",6 GB RAM | 128 GB ROM | Expandable Upto 256 GB16.26 cm (6.4 inch) Full HD+ AMOLED Display108MP + 8MP + 2MP | 16MP Front Camera5000 mAh Lithium Ion BatteryQualcomm Snapdragon 680 Processor1 Year Manufacturer Warranty for Phone and 6 Months Warranty for In-Box Accessories,30% off
52,https://www.flipkart.com//realme-9-meteor-black-128-gb/p/itm73722a6d35d36?pid=MOBGDYSHVUMESCUV&lid=LSTMOBGDYSHVUMESCUVBK8HJW&marketplace=FLIPKART&store=tyy%2F4io&srno=b_4_77&otracker=browse&fm=organic&iid=4bda799a-de2b-470f-bed4-7acc63d242e6.MOBGDYSHVUMESCUV.SEARCH&ppt=None&ppn=None&ssid=4aufrhy8a80000001673525564568,"realme 9 (Meteor Black, 128 GB)",4.4,"₹15,599","20,705 Ratings & 1,568 Reviews",8 GB RAM | 128 GB ROM | Expandable Upto 256 GB16.26 cm (6.4 inch) Full HD+ AMOLED Display108MP + 8MP + 2MP | 16MP Front Camera5000 mAh Lithium Ion BatteryQualcomm Snapdragon 680 Processor1 Year Manufacturer Warranty for Phone and 6 Months Warranty for In-Box Accessories,32% off
53,https://www.flipkart.com//realme-9-stargaze-white-128-gb/p/itm73722a6d35d36?pid=MOBGDYSHUGUDPEY4&lid=LSTMOBGDYSHUGUDPEY4MMBTA2&marketplace=FLIPKART&store=tyy%2F4io&srno=b_4_78&otracker=browse&fm=organic&iid=4bda799a-de2b-470f-bed4-7acc63d242e6.MOBGDYSHUGUDPEY4.SEARCH&ppt=None&ppn=None&ssid=4aufrhy8a80000001673525564568,"realme 9 (Stargaze White, 128 GB)",4.4,"₹14,599","55,851 Ratings & 4,062 Reviews",6 GB RAM | 128 GB ROM | Expandable Upto 256 GB16.26 cm (6.4 inch) Full HD+ AMOLED Display108MP + 8MP + 2MP | 16MP Front Camera5000 mAh Lithium Ion BatteryQualcomm Snapdragon 680 Processor1 Year Manufacturer Warranty for Phone and 6 Months Warranty for In-Box Accessories,30% off
54,https://www.flipkart.com//realme-9-5g-supersonic-blue-64-gb/p/itm4f3814d50ff53?pid=MOBGDGZFXYZ4NFYM&lid=LSTMOBGDGZFXYZ4NFYMHOVCPY&marketplace=FLIPKART&store=tyy%2F4io&srno=b_4_79&otracker=browse&fm=organic&iid=4bda799a-de2b-470f-bed4-7acc63d242e6.MOBGDGZFXYZ4NFYM.SEARCH&ppt=None&ppn=None&ssid=4aufrhy8a80000001673525564568,"realme 9 5G (Supersonic Blue, 64 GB)",4.5,"₹14,999","36,148 Ratings & 2,084 Reviews",4 GB RAM | 64 GB ROM | Expandable Upto 1 TB16.51 cm (6.5 inch) Full HD+ Display48MP + 2MP + 2MP | 16MP Front Camera5000 mAh Lithium Polymer BatteryMediatek Dimensity 810 Processor1 Year Warranty for Phone and 6 Months Warranty for In-Box Accessories,21% off
55,https://www.flipkart.com//apple-iphone-13-midnight-128-gb/p/itmca361aab1c5b0?pid=MOBG6VF5Q82T3XRS&lid=LSTMOBG6VF5Q82T3XRSOXJLM9&marketplace=FLIPKART&store=tyy%2F4io&srno=b_4_80&otracker=browse&fm=organic&iid=4bda799a-de2b-470f-bed4-7acc63d242e6.MOBG6VF5Q82T3XRS.SEARCH&ppt=None&ppn=None&ssid=4aufrhy8a80000001673525564568,"APPLE iPhone 13 (Midnight, 128 GB)",4.7,"₹60,999","1,77,959 Ratings & 9,804 Reviews",128 GB ROM15.49 cm (6.1 inch) Super Retina XDR Display12MP + 12MP | 12MP Front CameraA15 Bionic Chip ProcessorBrand Warranty for 1 Year,12% off
56,https://www.flipkart.com//realme-10-pro-5g-dark-matter-128-gb/p/itm1e672d12a252e?pid=MOBGK8VHWBRKYFJD&lid=LSTMOBGK8VHWBRKYFJDTEBOFU&marketplace=FLIPKART&store=tyy%2F4io&srno=b_4_81&otracker=browse&fm=organic&iid=4bda799a-de2b-470f-bed4-7acc63d242e6.MOBGK8VHWBRKYFJD.SEARCH&ppt=None&ppn=None&ssid=4aufrhy8a80000001673525564568,"realme 10 Pro 5G (Dark Matter, 128 GB)",4.4,"₹18,999","3,531 Ratings & 349 Reviews",6 GB RAM | 128 GB ROM | Expandable Upto 1 TB17.07 cm (6.72 inch) Full HD+ Display108MP + 2MP | 16MP Front Camera5000 mAh BatteryQualcomm Snapdragon 695 5G Processor1 Year Manufacturer Warranty for Phone and 6 Months Warranty for In-Box Accessories,9% off
57,https://www.flipkart.com//realme-10-pro-5g-nebula-blue-128-gb/p/itm1e672d12a252e?pid=MOBGK8VHX6FDJPCE&lid=LSTMOBGK8VHX6FDJPCEW9XIEE&marketplace=FLIPKART&store=tyy%2F4io&srno=b_4_82&otracker=browse&fm=organic&iid=4bda799a-de2b-470f-bed4-7acc63d242e6.MOBGK8VHX6FDJPCE.SEARCH&ppt=None&ppn=None&ssid=4aufrhy8a80000001673525564568,"realme 10 Pro 5G (Nebula Blue, 128 GB)",4.4,"₹18,999","3,531 Ratings & 349 Reviews",6 GB RAM | 128 GB ROM | Expandable Upto 1 TB17.07 cm (6.72 inch) Full HD+ Display108MP + 2MP | 16MP Front Camera5000 mAh BatteryQualcomm Snapdragon 695 5G Processor1 Year Manufacturer Warranty for Phone and 6 Months Warranty for In-Box Accessories,9% off
58,https://www.flipkart.com//motorola-g31-meteorite-grey-64-gb/p/itmbdda30a7812a0?pid=MOBG3E8WK7736ZH5&lid=LSTMOBG3E8WK7736ZH5PDBHI4&marketplace=FLIPKART&store=tyy%2F4io&srno=b_4_83&otracker=browse&fm=organic&iid=4bda799a-de2b-470f-bed4-7acc63d242e6.MOBG3E8WK7736ZH5.SEARCH&ppt=None&ppn=None&ssid=4aufrhy8a80000001673525564568,"MOTOROLA g31 (Meteorite Grey, 64 GB)",4.2,"₹9,999","31,965 Ratings & 3,716 Reviews",4 GB RAM | 64 GB ROM | Expandable Upto 1 TB16.26 cm (6.4 inch) Full HD+ Display50MP + 8MP + 2MP | 13MP Front Camera5000 mAh LiPo BatteryMediatek Helio G85 Processor1 Year on Handset and 6 Months on Accessories,28% off
59,https://www.flipkart.com//motorola-g82-5g-meterorite-grey-128-gb/p/itmed601beb0febc?pid=MOBGBEU7RTZFGZUQ&lid=LSTMOBGBEU7RTZFGZUQC1A74R&marketplace=FLIPKART&store=tyy%2F4io&srno=b_4_84&otracker=browse&fm=organic&iid=4bda799a-de2b-470f-bed4-7acc63d242e6.MOBGBEU7RTZFGZUQ.SEARCH&ppt=None&ppn=None&ssid=4aufrhy8a80000001673525564568,"MOTOROLA g82 5G (Meterorite Grey, 128 GB)",4.2,"₹18,999","5,284 Ratings & 710 Reviews",6 GB RAM | 128 GB ROM | Expandable Upto 1 TB16.76 cm (6.6 inch) Full HD+ Display50MP + 8MP + 2MP | 16MP Front Camera5000 mAh Lithium BatteryQualcomm Snapdragon 695 5G Processor1 Year on Handset and 6 Months on Accessories,20% off
60,https://www.flipkart.com//infinix-hot-12-polar-black-64-gb/p/itm2dedd3ceae379?pid=MOBGHY3ZTUWT8PAS&lid=LSTMOBGHY3ZTUWT8PASHB6DYH&marketplace=FLIPKART&store=tyy%2F4io&srno=b_4_85&otracker=browse&fm=organic&iid=4bda799a-de2b-470f-bed4-7acc63d242e6.MOBGHY3ZTUWT8PAS.SEARCH&ppt=None&ppn=None&ssid=4aufrhy8a80000001673525564568,"Infinix Hot 12 (Polar Black, 64 GB)",4.2,"₹8,899","14,985 Ratings & 1,110 Reviews",4 GB RAM | 64 GB ROM17.32 cm (6.82 inch) HD+ Display50 MP + 2 MP Depth Lens + AI Lens | 8MP Front Camera6000 mAh Lithium-ion Polymer BatteryMeditek Helio G37 Processor1 Year on Handset and 6 Months on Accessories,31% off
61,https://www.flipkart.com//realme-9-sunburst-gold-128-gb/p/itm73722a6d35d36?pid=MOBGDYSH8EWQZ4XU&lid=LSTMOBGDYSH8EWQZ4XUTALWYH&marketplace=FLIPKART&store=tyy%2F4io&srno=b_4_86&otracker=browse&fm=organic&iid=4bda799a-de2b-470f-bed4-7acc63d242e6.MOBGDYSH8EWQZ4XU.SEARCH&ppt=None&ppn=None&ssid=4aufrhy8a80000001673525564568,"realme 9 (Sunburst Gold, 128 GB)",4.4,"₹15,599","20,705 Ratings & 1,568 Reviews",8 GB RAM | 128 GB ROM | Expandable Upto 256 GB16.26 cm (6.4 inch) Full HD+ AMOLED Display108MP + 8MP + 2MP | 16MP Front Camera5000 mAh Lithium Ion BatteryQualcomm Snapdragon 680 Processor1 Year Manufacturer Warranty for Phone and 6 Months Warranty for In-Box Accessories,32% off
62,https://www.flipkart.com//realme-9-stargaze-white-128-gb/p/itm73722a6d35d36?pid=MOBGDYSHHURXMSH6&lid=LSTMOBGDYSHHURXMSH6ZPDPDN&marketplace=FLIPKART&store=tyy%2F4io&srno=b_4_87&otracker=browse&fm=organic&iid=4bda799a-de2b-470f-bed4-7acc63d242e6.MOBGDYSHHURXMSH6.SEARCH&ppt=None&ppn=None&ssid=4aufrhy8a80000001673525564568,"realme 9 (Stargaze White, 128 GB)",4.4,"₹15,599","20,705 Ratings & 1,568 Reviews",8 GB RAM | 128 GB ROM | Expandable Upto 256 GB16.26 cm (6.4 inch) Full HD+ AMOLED Display108MP + 8MP + 2MP | 16MP Front Camera5000 mAh Lithium Ion BatteryQualcomm Snapdragon 680 Processor1 Year Manufacturer Warranty for Phone and 6 Months Warranty for In-Box Accessories,32% off
63,https://www.flipkart.com//poco-m4-pro-5g-cool-blue-128-gb/p/itma0904b0c413a4?pid=MOBGBEU7BGWZNBYY&lid=LSTMOBGBEU7BGWZNBYYXGBTUG&marketplace=FLIPKART&store=tyy%2F4io&srno=b_4_88&otracker=browse&fm=organic&iid=4bda799a-de2b-470f-bed4-7acc63d242e6.MOBGBEU7BGWZNBYY.SEARCH&ppt=None&ppn=None&ssid=4aufrhy8a80000001673525564568,"POCO M4 Pro 5G (Cool Blue, 128 GB)",4.2,"₹14,999","7,971 Ratings & 708 Reviews","8 GB RAM | 128 GB ROM | Expandable Upto 1 TB16.76 cm (6.6 inch) Full HD+ Display50MP + 8MP | 16MP Front Camera5000 mAh Lithium-ion Polymer BatteryMediatek Dimensity 810 ProcessorOne Year for Handset, 6 Months for Accessories",31% off
64,https://www.flipkart.com//poco-m4-pro-5g-yellow-128-gb/p/itme2c365d979338?pid=MOBGBEU99VVSJWG6&lid=LSTMOBGBEU99VVSJWG6JHNSLR&marketplace=FLIPKART&store=tyy%2F4io&srno=b_4_89&otracker=browse&fm=organic&iid=4bda799a-de2b-470f-bed4-7acc63d242e6.MOBGBEU99VVSJWG6.SEARCH&ppt=None&ppn=None&ssid=4aufrhy8a80000001673525564568,"POCO M4 Pro 5G (Yellow, 128 GB)",4.2,"₹13,999","41,520 Ratings & 3,726 Reviews","6 GB RAM | 128 GB ROM | Expandable Upto 1 TB16.76 cm (6.6 inch) Full HD+ Display50MP + 8MP | 16MP Front Camera5000 mAh Lithium-ion Polymer BatteryMediatek Dimensity 810 ProcessorOne Year for Handset, 6 Months for Accessories",30% off
65,https://www.flipkart.com//realme-9-5g-meteor-black-128-gb/p/itm4f3814d50ff53?pid=MOBGC2Q58FGNXWSN&lid=LSTMOBGC2Q58FGNXWSNJ3ERYV&marketplace=FLIPKART&store=tyy%2F4io&srno=b_4_90&otracker=browse&fm=organic&iid=4bda799a-de2b-470f-bed4-7acc63d242e6.MOBGC2Q58FGNXWSN.SEARCH&ppt=None&ppn=None&ssid=4aufrhy8a80000001673525564568,"realme 9 5G (Meteor Black, 128 GB)",4.4,"₹16,499","44,622 Ratings & 2,938 Reviews",6 GB RAM | 128 GB ROM | Expandable Upto 1 TB16.51 cm (6.5 inch) Full HD+ Display48MP + 2MP + 2MP | 16MP Front Camera5000 mAh Lithium Polymer BatteryMediatek Dimensity 810 Processor1 Year Warranty for Phone and 6 Months Warranty for In-Box Accessories,21% off
66,https://www.flipkart.com//realme-9-5g-meteor-black-64-gb/p/itm4f3814d50ff53?pid=MOBGC2Q5TGTGRBHR&lid=LSTMOBGC2Q5TGTGRBHRMQOCCB&marketplace=FLIPKART&store=tyy%2F4io&spotlightTagId=TrendingId_tyy%2F4io&srno=b_4_91&otracker=browse&fm=organic&iid=4bda799a-de2b-470f-bed4-7acc63d242e6.MOBGC2Q5TGTGRBHR.SEARCH&ppt=None&ppn=None&ssid=4aufrhy8a80000001673525564568,"realme 9 5G (Meteor Black, 64 GB)",4.5,"₹14,999","36,148 Ratings & 2,084 Reviews",4 GB RAM | 64 GB ROM | Expandable Upto 1 TB16.51 cm (6.5 inch) Full HD+ Display48MP + 2MP + 2MP | 16MP Front Camera5000 mAh Lithium Polymer BatteryMediatek Dimensity 810 Processor1 Year Warranty for Phone and 6 Months Warranty for In-Box Accessories,21% off
67,https://www.flipkart.com//realme-9-5g-stargaze-white-64-gb/p/itm4f3814d50ff53?pid=MOBGC2Q5HG5RJZGW&lid=LSTMOBGC2Q5HG5RJZGWWUP6TT&marketplace=FLIPKART&store=tyy%2F4io&srno=b_4_92&otracker=browse&fm=organic&iid=4bda799a-de2b-470f-bed4-7acc63d242e6.MOBGC2Q5HG5RJZGW.SEARCH&ppt=None&ppn=None&ssid=4aufrhy8a80000001673525564568,"realme 9 5G (Stargaze White, 64 GB)",4.5,"₹14,999","36,148 Ratings & 2,084 Reviews",4 GB RAM | 64 GB ROM | Expandable Upto 1 TB16.51 cm (6.5 inch) Full HD+ Display48MP + 2MP + 2MP | 16MP Front Camera5000 mAh Lithium Polymer BatteryMediatek Dimensity 810 Processor1 Year Warranty for Phone and 6 Months Warranty for In-Box Accessories,21% off
68,https://www.flipkart.com//realme-9-5g-supersonic-blue-128-gb/p/itm4f3814d50ff53?pid=MOBGDGZYHRYYFYYG&lid=LSTMOBGDGZYHRYYFYYGFCXP2N&marketplace=FLIPKART&store=tyy%2F4io&srno=b_4_93&otracker=browse&fm=organic&iid=4bda799a-de2b-470f-bed4-7acc63d242e6.MOBGDGZYHRYYFYYG.SEARCH&ppt=None&ppn=None&ssid=4aufrhy8a80000001673525564568,"realme 9 5G (Supersonic Blue, 128 GB)",4.4,"₹16,499","44,622 Ratings & 2,938 Reviews",6 GB RAM | 128 GB ROM | Expandable Upto 1 TB16.51 cm (6.5 inch) Full HD+ Display48MP + 2MP + 2MP | 16MP Front Camera5000 mAh Lithium Polymer BatteryMediatek Dimensity 810 Processor1 Year Warranty for Phone and 6 Months Warranty for In-Box Accessories,21% off
69,https://www.flipkart.com//vivo-t1x-gravity-black-128-gb/p/itm9e8207e7825a9?pid=MOBGG56ZKWEHRZBV&lid=LSTMOBGG56ZKWEHRZBVUFLBUQ&marketplace=FLIPKART&store=tyy%2F4io&srno=b_4_94&otracker=browse&fm=organic&iid=4bda799a-de2b-470f-bed4-7acc63d242e6.MOBGG56ZKWEHRZBV.SEARCH&ppt=None&ppn=None&ssid=4aufrhy8a80000001673525564568,"vivo T1X (Gravity Black, 128 GB)",4.4,"₹14,999","3,415 Ratings & 211 Reviews",6 GB RAM | 128 GB ROM16.71 cm (6.58 inch) Full HD+ Display50MP + 2MP | 8MP Front Camera5000 mAh BatteryQualcomm Snapdragon 680 Processor1 Year on Handset and 6 Months on Accessories,21% off
70,https://www.flipkart.com//samsung-galaxy-f13-nightsky-green-128-gb/p/itma7ed2982bc08f?pid=MOBGENJW6YHHQDYU&lid=LSTMOBGENJW6YHHQDYUXELNQ3&marketplace=FLIPKART&store=tyy%2F4io&srno=b_4_95&otracker=browse&fm=organic&iid=4bda799a-de2b-470f-bed4-7acc63d242e6.MOBGENJW6YHHQDYU.SEARCH&ppt=None&ppn=None&ssid=4aufrhy8a80000001673525564568,"SAMSUNG Galaxy F13 (Nightsky Green, 128 GB)",4.4,"₹12,999","1,08,536 Ratings & 6,227 Reviews",4 GB RAM | 128 GB ROM | Expandable Upto 1 TB16.76 cm (6.6 inch) Full HD+ Display50MP + 5MP + 2MP | 8MP Front Camera6000 mAh Lithium Ion BatteryExynos 850 Processor1 Year Warranty Provided By the Manufacturer from Date of Purchase,23% off
71,https://www.flipkart.com//motorola-g82-5g-white-lily-128-gb/p/itm08f3db37545ae?pid=MOBGBEU7KZR9AGHS&lid=LSTMOBGBEU7KZR9AGHSC71DG4&marketplace=FLIPKART&store=tyy%2F4io&srno=b_4_96&otracker=browse&fm=organic&iid=4bda799a-de2b-470f-bed4-7acc63d242e6.MOBGBEU7KZR9AGHS.SEARCH&ppt=None&ppn=None&ssid=4aufrhy8a80000001673525564568,"MOTOROLA g82 5G (White Lily, 128 GB)",4.1,"₹20,499","3,138 Ratings & 414 Reviews",8 GB RAM | 128 GB ROM | Expandable Upto 1 TB16.76 cm (6.6 inch) Full HD+ Display50MP + 8MP + 2MP | 16MP Front Camera5000 mAh Lithium BatteryQualcomm Snapdragon 695 5G Processor1 Year on Handset and 6 Months on Accessories,21% off
